121.9202875,125.36465625,124.29763125,135.72788125,144.39224375,148.68029375,146.20283125,146.58333125,152.05223125,157.8356625,155.1539625,143.9261125,129.08141875,132.18358125,129.74189375,142.11189375,148.92513125,153.2177,150.780275,150.763025,156.7884875,163.71729375,162.85445625,151.0344125,96.78018125,100.48454375,99.52145625,107.61150625,114.9556625,119.0330125,115.7582125,116.39075,123.43964375,133.2616,132.2005625,121.85445625
122.333,125.4962375,124.96514375,135.87141875,144.5378125,148.824325,146.308225,146.7026,152.11348125,157.99799375,155.08604375,143.986775,129.508775,132.30369375,130.4775,142.3031625,149.07576875,153.39538125,150.886575,150.89048125,156.84026875,163.81854375,162.80985,151.04875,97.079425,100.620025,99.8832,107.75155625,115.10406875,119.20881875,115.8588375,116.48774375,123.4732,133.36105625,132.1446,121.90214375
122.1422625,124.817475,124.01145,135.814475,144.80719375,148.95148125,146.49211875,146.51181875,151.61871875,157.7277625,155.262,144.11470625,129.2471375,131.44911875,129.1686875,142.120525,149.2995125,153.4698,151.03125,150.6386875,156.42165,163.57121875,163.00051875,151.144775,97.01041875,100.2309375,99.404775,107.73030625,115.37431875,119.351575,116.0430125,116.1793375,122.6924375,132.96731875,132.28414375,121.9728125
122.55555625,125.2887625,124.42274375,135.831525,144.99161875,149.23893125,146.80126875,146.90736875,151.93408125,157.861925,155.510525,144.2793125,129.54954375,131.8706,129.5760875,142.02901875,149.3636625,153.6287125,151.2055625,150.931375,156.6003125,163.532975,163.0809,151.15765,97.333375,100.5436125,99.62235625,107.87278125,115.524925,119.726275,116.35434375,116.65935625,123.02605625,133.0620125,132.51484375,122.12845625
122.75178125,125.39858125,124.2758125,135.43496875,144.9696125,149.2096125,146.90253125,147.9825875,153.224025,158.1232625,155.66590625,144.3452125,129.8841,131.9883375,129.5168375,141.490075,149.4506875,153.6831875,151.48114375,152.041175,158.07821875,163.8016125,163.17433125,151.25571875,97.45340625,100.70129375,99.58640625,107.524325,115.64518125,119.65470625,116.527525,118.22859375,124.80605,133.4075,132.6109875,122.08355
122.7416,125.3392375,123.64115625,134.69191875,144.25581875,148.28759375,145.85703125,147.3564375,152.9993,158.83626875,155.96953125,144.53088125,129.6061,131.5586,128.633025,140.645225,148.85905625,152.75886875,150.538575,151.01940625,157.6432,164.68598125,163.55965,151.3911875,97.372775,100.54305,99.2208875,107.1010625,115.23029375,119.1363125,115.992575,117.35358125,124.68795,134.20795625,133.20591875,122.56035625
122.7738125,124.977925,122.8960125,133.980225,144.1397875,148.06884375,145.6999,147.28023125,152.33933125,158.26569375,155.4949625,144.5812625,129.65736875,131.35781875,127.81034375,139.9273875,148.87905,152.6893125,150.40428125,151.080125,157.1743,164.14065625,163.1212375,151.39890625,97.37691875,100.2858875,98.7925875,106.5727375,115.12218125,118.84273125,115.75091875,117.368975,123.863375,133.6357375,132.5795875,122.44699375
55.0281,52.9781625,55.50814375,69.0601125,72.81913125,75.31061875,73.76091875,74.4765875,84.41103125,85.689625,88.56355,83.26280625,55.32268125,54.4992625,56.6965875,68.2554375,71.94078125,74.53659375,72.83921875,73.991425,82.08193125,85.0672375,88.51364375,80.478225,59.34524375,61.7666375,64.425625,73.1081875,80.05564375,83.0374625,81.99405625,83.396925,89.99451875,95.83893125,95.8200625,87.798075
75.50905,78.48785,80.15805625,90.7787875,92.79695,95.2396875,90.5459625,93.44966875,100.37688125,100.45055625,107.09500625,95.92531875,74.6066375,78.0932125,79.0791875,87.8138625,89.37948125,91.77809375,88.03928125,89.7036625,96.097375,98.45525,106.25840625,93.2686125,69.14894375,73.56445625,74.98463125,82.56124375,88.016675,90.29825625,89.37659375,88.948075,94.3671,101.22159375,105.23191875,94.46331875
75.584275,81.4465875,82.25831875,97.34021875,101.5714625,105.2312,103.86683125,107.69171875,113.80585625,118.854625,116.90250625,107.62301875,75.83535625,82.3137875,81.98739375,95.27801875,97.7228375,102.30093125,100.7936125,105.16573125,111.3020125,118.38415625,119.05098125,108.949175,70.12431875,75.90535625,76.599775,85.59884375,90.99365625,94.1094125,93.22945,94.931725,101.77945625,110.23578125,109.46409375,100.1983375
115.29489375,119.696325,120.95790625,128.72396875,137.1541625,139.7508625,137.8712625,139.1338875,145.21444375,150.59973125,145.7841125,137.0497375,123.5843375,127.27714375,127.465825,135.89966875,142.8752875,145.56548125,144.16211875,144.86541875,151.4130125,157.6484,154.14644375,144.4763375,94.91093125,99.12379375,99.51835625,106.23271875,114.01554375,116.9528,114.8007,116.180275,123.6360125,131.90436875,129.140525,119.7727
52.982025,53.6694,53.542225,66.22344375,75.5448,74.67145625,77.578025,77.10309375,86.70751875,89.96858125,85.8020875,86.05099375,54.40145625,56.35574375,55.7989625,66.72,74.66599375,75.50064375,78.7066125,78.01475,86.3145875,90.5836875,86.26336875,84.24215,60.68103125,65.36601875,65.267075,74.3158,83.78875625,86.326325,89.90681875,89.14921875,96.55791875,103.4876375,97.40911875,93.8433625
110.15639375,111.6706375,111.136625,120.09271875,128.77718125,128.94784375,128.588875,129.6622,133.76400625,145.44674375,139.132025,132.77795625,118.22290625,119.62455,117.81096875,127.5921375,134.9112375,134.88591875,135.0154625,135.82760625,140.2544375,152.28296875,146.4828625,139.53840625,91.59836875,94.474525,93.1201125,101.46708125,109.88675,110.1081,110.5636125,112.3156,118.02756875,131.45135625,125.8873875,119.12483125
118.926775,123.170775,122.88115,131.6324875,140.90299375,142.9304375,143.51863125,143.97263125,147.93598125,158.0811,150.98339375,140.30790625,127.7433875,131.8111125,130.0547875,139.2124375,147.46765625,149.5748875,149.65478125,149.27244375,154.70633125,165.9546375,159.53489375,148.28623125,95.9861625,100.30304375,98.847225,106.5219125,114.8989625,117.0340125,116.89745,118.37435,125.0971125,137.848675,131.59753125,121.80694375
120.51609375,125.31630625,125.47851875,133.88205,142.94075,145.16246875,145.3549625,146.50896875,148.81836875,157.83205625,153.60011875,143.71445625,129.1149125,133.6181375,132.35325,141.02268125,148.56645625,150.4803875,150.4696125,150.9349875,154.28448125,165.09526875,161.986775,151.395525,96.774025,101.3662375,100.445225,107.465125,115.62878125,118.1068125,117.371875,119.48935625,123.7936875,136.124625,133.4924,124.147675
119.50585,124.26290625,124.9690625,132.4406125,141.4010375,144.75174375,143.9128,144.4589875,151.27161875,158.5052375,153.81055625,142.45716875,128.43275625,133.0028375,132.4430375,139.8581375,147.87244375,150.8338125,149.95499375,149.81076875,157.81669375,165.989775,161.84348125,150.15189375,96.75899375,101.09194375,100.7259875,106.94050625,114.86961875,118.2004375,116.54873125,117.43065,126.356075,136.66735,133.7726625,123.10489375
95.97941875,96.89738125,97.41415625,109.1268125,113.60209375,117.58745,113.62596875,112.5783625,121.782525,124.135525,123.6745125,119.85645,100.786,101.55429375,101.160875,112.65366875,115.77618125,120.05120625,116.39709375,115.07721875,124.8043875,127.3757625,127.77866875,122.504875,80.8444375,83.65186875,83.919025,93.16195625,98.14444375,103.49570625,100.5156,100.79791875,110.75471875,115.21558125,115.3994,110.18055
64.9473,61.3726875,62.73999375,70.05631875,80.651725,84.16130625,80.04216875,69.48281875,74.43681875,65.00746875,67.83533125,54.28881875,65.6623875,63.31925625,65.5308875,70.784075,82.029275,84.29640625,81.10338125,71.5866625,74.793475,67.92435,71.04820625,54.0208125,72.28260625,73.698275,78.2011875,81.741075,93.71211875,95.42163125,93.67935625,86.8368875,90.677025,89.5834625,91.2193625,74.58044375
64.22189375,69.7424375,74.075475,85.50908125,85.23730625,91.66860625,90.03481875,76.63030625,82.23479375,84.01586875,76.7710375,64.4438125,65.86039375,71.50394375,76.6939625,86.54500625,85.94228125,92.21956875,90.50459375,79.62368125,84.03670625,86.8572125,77.65665,64.00509375,73.302075,80.0313125,88.34125,96.95965,99.7502625,105.83618125,105.3187875,99.7397875,102.6391125,104.70901875,95.80245625,82.17031875
78.1237875,87.50596875,96.77325625,109.01211875,110.89575625,110.905075,104.41351875,99.3678875,112.8263875,98.15634375,94.6165375,72.7172375,79.13025625,89.13011875,96.41888125,107.93469375,108.38521875,108.42191875,103.26773125,98.0507875,109.82991875,97.02541875,95.475775,70.71648125,79.512425,88.27846875,97.8126875,106.14215,110.21175625,111.72704375,108.05103125,105.56954375,114.78174375,107.091625,105.18953125,82.3695625
76.8267,84.21505625,88.7267125,97.8398875,96.6682125,93.1110375,90.58006875,80.85593125,98.5934375,86.80335,78.73285,67.94635625,77.4656375,85.81471875,88.7302,97.8126875,95.60554375,92.51898125,91.5294625,83.4227875,97.85763125,88.03735,80.886575,66.6148,78.87473125,87.5228,93.9153875,101.900725,103.882925,104.311575,104.75250625,100.60685,110.648525,104.6125875,97.07371875,82.01416875
88.9108125,98.33789375,96.4685875,103.91365,105.865025,103.43629375,98.12083125,91.1734375,92.6444875,86.7004875,83.3945875,72.433775,87.83461875,98.02703125,95.41031875,102.211575,103.48990625,101.0590625,97.58663125,90.0829375,88.42918125,85.39290625,83.0405625,69.96201875,83.55450625,93.17093125,94.957625,100.94080625,104.8759875,105.6063125,103.26885,97.23120625,94.851075,96.1088875,91.91309375,79.8443
55.1728,52.5354,50.56151875,56.700425,55.3945625,59.76796875,55.0153125,53.359125,60.10319375,60.91081875,58.695225,53.11070625,56.15855625,55.314525,53.0553875,58.46884375,58.67239375,61.2235125,57.3251,56.7486875,60.557525,62.9957375,61.825125,52.83865,64.54700625,66.808025,67.65085,73.24313125,77.99505625,79.35825,76.23793125,77.98643125,79.7481125,86.3805375,85.4186375,74.37864375
68.2936875,74.59715,71.7004125,81.3639875,80.09751875,78.544725,75.1339875,73.4270375,76.0802,70.533175,70.2935,64.20781875,67.01565,73.772225,69.8572,78.36240625,77.8840875,75.53475625,72.8868125,71.8436875,73.13985625,71.0076,71.14700625,62.53449375,69.62329375,75.84535625,74.54210625,80.7920125,82.94739375,83.18811875,81.55459375,82.524575,84.5541125,88.29681875,87.88953125,78.2735375
73.30225625,79.995675,86.784975,97.1757375,87.83946875,82.97698125,78.031,70.30725625,75.07285,70.25744375,72.3775125,62.9424625,71.98541875,78.94550625,84.057225,93.39830625,85.1620375,79.2420375,76.35301875,69.56765,73.0951125,70.9734,72.7828,61.96176875,72.3796,78.76613125,84.77201875,90.74939375,87.88975625,85.0393625,84.94808125,82.8107625,85.42991875,89.04426875,89.32374375,77.53096875
120.862925,124.6885125,125.539275,131.61339375,138.1092125,140.43374375,140.71055,141.068775,144.870775,147.00540625,144.64591875,133.77455,130.6004375,134.50230625,135.066025,139.76781875,146.16480625,148.54744375,148.43318125,149.3663375,153.305375,156.2631375,153.6285625,142.07094375,98.6985125,102.51648125,102.177825,107.0004625,112.6857625,114.69445625,114.52493125,115.67338125,120.23736875,125.41106875,125.14734375,114.74765625
56.3069375,63.58178125,70.77306875,75.76210625,80.6265375,82.94648125,73.24656875,69.6126875,68.3819,69.96326875,68.0334375,64.52274375,57.46236875,64.91040625,71.97760625,75.78436875,80.8893125,82.28230625,73.95728125,70.95058125,69.09019375,71.99375,68.91971875,63.5508,66.5919875,74.57764375,81.47075,85.2488875,90.68366875,92.7071375,87.350675,86.8116375,87.44296875,91.953825,89.42245,82.86244375
45.225925,58.540725,62.33229375,74.25285,70.3183125,62.2907875,61.51725625,59.91020625,66.3145375,61.43543125,59.87881875,55.4999625,47.685775,60.02450625,64.852125,74.87838125,73.18980625,64.38403125,64.653,63.88376875,68.07894375,64.591475,63.3708875,54.71485,60.8256875,71.871375,78.534375,86.98679375,87.95844375,82.04710625,83.58631875,85.9318625,90.36555,89.5887375,87.6835625,77.1156
81.2482125,87.89556875,87.2277375,90.04943125,91.63896875,83.5889,84.83089375,76.1978625,83.6932125,82.61395625,81.840725,74.50755625,82.03365625,88.0097875,87.732175,88.74579375,90.688475,80.26745625,81.840925,74.12344375,81.91094375,82.9768,82.61598125,73.01481875,72.65691875,80.6696375,81.727275,85.4298375,88.7691,84.448975,85.446125,81.956275,87.7074625,90.4511625,89.893575,80.10668125
50.76070625,62.487075,64.72741875,73.9225625,74.25455625,74.004675,83.4376125,72.00821875,81.84025625,78.88415625,77.5136875,66.022675,52.8388125,63.61760625,66.5018,74.19163125,74.17365625,72.3117,80.58075,70.97143125,79.072425,77.72291875,77.76761875,63.979225,62.10190625,71.2953,76.1584875,82.511325,84.12624375,82.82733125,86.50396875,82.82643125,90.06605625,91.6079875,90.54389375,78.9654
52.422,56.5906125,56.37963125,62.394325,62.23150625,58.655825,60.9049125,49.60183125,56.9912875,53.02186875,51.53124375,52.51955,52.988725,57.16990625,57.71460625,62.96418125,64.20160625,59.0072,61.56551875,53.1711375,58.06760625,55.88186875,55.20211875,51.28565,61.48251875,66.955,69.88425,74.859275,78.97775625,76.52864375,78.29769375,75.66586875,80.34476875,81.646525,80.64394375,73.26588125
116.295025,121.12659375,118.423375,126.95491875,135.397075,139.01640625,141.86123125,141.303675,146.75429375,148.7953125,143.84728125,132.06469375,125.63135,130.24873125,127.0880875,134.3826875,142.61120625,146.2076375,149.01098125,148.622375,155.27768125,157.54416875,152.51901875,140.24133125,93.9506375,99.05384375,97.7475,103.128725,110.064975,112.33643125,115.11221875,114.89819375,122.76439375,127.59886875,124.26476875,113.26321875
120.78778125,125.829925,124.933325,132.7632875,140.72428125,144.6998,146.1778375,145.90836875,151.2705125,153.747525,148.96698125,136.84568125,130.439175,135.30033125,133.89498125,140.45033125,148.20385625,152.0261375,153.41753125,153.4325625,159.834375,162.94595625,158.0796125,145.40435625,96.60259375,101.95621875,101.5659625,106.57534375,113.17060625,115.98565,117.4292875,117.4041375,125.18303125,130.39686875,127.7046,116.4044
81.78333125,88.84783125,86.8836875,95.19738125,100.788175,98.7138625,98.05785,92.9172625,97.4369375,93.29691875,92.71605,84.271725,82.29816875,89.73531875,86.5380375,92.90203125,98.49379375,95.390925,95.543525,91.4851,95.1706625,92.95885625,93.472975,83.320325,73.52840625,80.8219375,79.92124375,85.46371875,90.6471125,90.4053625,90.7258,89.0033,94.70448125,96.1561125,95.83415,86.81085625
113.52148125,118.46494375,116.66280625,124.45978125,129.45853125,132.65970625,132.08789375,134.1287,135.78605625,135.15011875,134.00111875,125.23803125,120.62918125,126.13945,123.1635625,129.8587375,133.56040625,136.5355,135.63810625,138.61365625,139.2107,138.8063625,138.98286875,131.128025,92.14976875,97.9571,96.58299375,102.02376875,106.65765,108.87158125,108.5457125,110.82994375,115.205475,118.50401875,118.4347375,109.3614875
51.61311875,50.2450875,48.87261875,55.04383125,50.51461875,56.0712125,51.92958125,50.44165,60.12545625,59.43818125,60.45398125,55.27298125,52.62419375,52.70780625,51.775725,56.9232875,54.692625,58.0907625,54.81429375,54.322525,61.36751875,61.9628875,63.50435,55.62485,60.64369375,64.166225,65.55206875,70.51485,73.59753125,75.2995875,74.4597875,75.81979375,81.0553,85.667875,86.0557125,76.01613125
71.44334375,72.98429375,71.2788125,80.48016875,82.2932625,82.40845,77.86250625,74.8502375,79.4166875,78.0356125,75.0578375,72.23403125,69.2264625,71.7369125,68.7262625,75.4639,78.14514375,77.26570625,73.88440625,72.95255625,75.792625,77.8405875,75.23795,70.374975,68.44536875,72.28651875,71.77843125,76.75288125,81.05225,82.26534375,81.3602,84.23399375,86.90689375,93.8978,90.23836875,84.37440625
102.58168125,102.5438875,100.8095625,113.3543875,119.41435625,118.5224375,112.61298125,115.54996875,118.8684,117.33786875,110.8523125,100.58059375,106.80074375,105.92733125,102.78140625,113.38235,119.69991875,117.167,111.15995625,114.6279625,118.07111875,118.0833125,112.7973875,100.89805,84.83068125,87.281025,85.75819375,94.1317875,100.12070625,99.3316875,96.23530625,98.91460625,103.287925,106.9821,102.49593125,92.700325
100.91814375,100.62388125,97.66580625,110.63264375,118.85976875,117.44125625,117.15373125,118.64530625,121.2327,125.1009625,116.9346125,110.72675625,107.9437625,106.95625625,102.87351875,114.28126875,122.71323125,120.9608625,121.07316875,121.91563125,124.5098625,129.273025,120.3828,114.06939375,83.9100375,85.94245,84.59335625,93.42154375,100.915075,100.07169375,99.57733125,102.015125,106.14443125,112.0860875,106.4449875,99.59169375
76.730625,78.84469375,79.20578125,88.46044375,93.1612625,91.9505,89.07506875,83.8456625,90.62311875,87.4578,83.83275,80.52406875,77.56693125,79.86965,79.00431875,86.2666125,90.9288625,88.58755625,87.013975,82.90153125,87.7955625,86.63741875,83.96241875,79.381075,70.28038125,74.505375,75.138875,81.2384875,86.26180625,86.0631,85.0651625,84.79255625,89.3758375,91.9676875,89.4615625,83.85674375
40.83295625,43.7325,47.60608125,54.6872,47.36283125,51.7390125,50.99414375,47.4840125,55.98626875,54.9425875,70.6946875,66.22631875,44.34725625,48.31580625,51.4945375,57.55634375,52.59855625,55.0979875,54.58919375,52.37753125,57.64713125,58.12153125,73.30444375,65.29835,58.38160625,63.5356375,66.88346875,73.0666875,73.5133125,75.31070625,75.74814375,75.95285,79.132975,82.2504625,93.06683125,83.6767
44.46739375,45.9894375,50.2917375,51.43459375,47.7290625,51.600875,50.76490625,46.4147375,55.533675,55.324025,68.06116875,60.947175,47.48305625,50.2397875,53.68501875,54.52180625,53.11955,55.12515,54.5871125,51.242075,57.23463125,58.28301875,70.97818125,60.1756625,61.19145625,65.5063875,69.0624625,71.11738125,74.61933125,75.7153375,76.3924375,75.2002375,79.17425,82.5812375,92.00161875,79.46945625
44.1814375,44.89420625,49.80585625,57.0959875,55.507,57.47525625,56.97260625,50.928975,58.67348125,56.33125,78.9653375,69.9759375,46.44423125,48.7828875,52.6966375,57.80028125,58.82900625,59.0521,58.95618125,55.26555625,59.88756875,58.46925,79.7913875,68.79944375,59.59068125,64.35179375,67.1179375,70.6901375,76.72004375,76.5309,77.9758,77.45216875,80.68761875,81.42618125,96.73945625,86.1764625
46.6539875,50.31839375,48.94973125,53.59975625,57.9718,58.74318125,60.78510625,54.01763125,58.7430125,62.8313125,80.13244375,70.22045625,49.47213125,54.78259375,52.41374375,56.45620625,61.19856875,60.725225,62.65560625,58.08945625,60.31101875,65.158075,80.9519125,69.17180625,61.75274375,68.43125625,67.2098625,70.9438625,78.38365625,78.1505,79.6515,79.1418625,80.42595,86.14000625,97.33964375,85.87205625
52.39905,56.99361875,57.49083125,64.5781375,58.0704375,59.49985,54.24745625,47.33059375,61.7723125,62.52951875,66.0585875,70.3393875,53.4546,58.6455,58.60644375,63.67680625,59.741775,60.1788375,56.81145,51.203925,62.37288125,64.10204375,67.2695375,68.96825,62.18528125,67.881,68.66569375,72.23856875,74.512425,75.851925,74.782025,73.05643125,80.75156875,84.09923125,86.0583375,84.0957
100.73403125,102.04101875,102.20881875,110.2910375,117.08779375,115.88388125,113.268025,112.3144,111.65623125,111.0290625,104.03905625,98.90358125,107.11589375,107.8995375,107.7813,114.23933125,122.125725,120.9236375,118.44931875,117.3085,114.0194,112.9623,104.64640625,97.69865625,84.40438125,87.17245,87.87853125,93.3266,99.73416875,99.319275,96.75628125,96.97383125,98.31675625,100.870475,96.2470125,90.4282875
94.81863125,95.85815,97.955825,107.50160625,113.24288125,110.81184375,105.5093625,106.49896875,106.40209375,102.24166875,96.82443125,87.37063125,96.30308125,96.8062375,97.62885,104.94101875,110.63555625,106.79344375,101.86486875,103.57934375,101.96338125,99.56885625,95.6104125,85.211975,80.77800625,83.890325,84.69133125,91.176375,96.31960625,94.70791875,92.04566875,94.94929375,95.85915,97.35611875,94.6963875,86.0291125
84.60166875,85.7105125,79.042975,77.37098125,63.20231875,63.36044375,58.4373375,59.08118125,66.490525,69.3659875,69.3908,67.610525,82.54725,83.19724375,74.964575,73.41020625,63.5850625,63.46810625,59.87405625,61.76225625,66.63879375,69.6977375,69.26019375,65.4605625,73.7347625,76.31129375,72.53775,74.81815625,74.64710625,76.31435625,75.47336875,79.22153125,82.2223,86.63004375,85.212075,78.76100625
89.14835625,90.43315625,85.77801875,89.39196875,84.47785625,80.7696625,68.64581875,67.893425,75.45145625,76.2891,70.10103125,65.5378375,87.421175,88.1609375,82.24578125,85.5563625,82.5366375,78.62578125,68.64408125,70.21319375,74.7760875,76.92690625,71.63845625,64.5698875,77.22595,80.40966875,77.7295625,82.92026875,83.189675,83.8524375,79.174425,83.86089375,86.52513125,91.2777,87.18260625,78.22485625
84.36735,89.07678125,82.95848125,86.80426875,83.91180625,81.791,72.5481875,69.4162375,77.52981875,76.5904,71.13431875,67.73668125,82.78886875,86.731075,79.57348125,83.37513125,81.326075,79.1537,71.937925,71.2587125,76.1132125,76.63975625,72.28683125,66.3917875,74.7573875,79.2299,76.445025,81.8660625,82.264375,84.1232,80.4214375,83.7757,86.46583125,90.66444375,87.80410625,79.681425
73.05248125,75.5891,68.35166875,63.37003125,52.99011875,57.4620125,52.16571875,52.25008125,63.729375,63.3554375,64.79456875,65.21524375,71.49124375,73.809725,66.09864375,62.6201125,56.15068125,59.607775,55.3111,56.48875,65.1046,65.08320625,66.18948125,63.16056875,68.10040625,72.6033375,70.0927625,71.70128125,72.89193125,76.0628375,74.5904,76.78120625,82.96151875,86.1427375,85.70506875,78.43444375
77.88706875,79.1381,72.8451,69.0564875,53.95308125,58.4669125,52.47445625,54.488125,63.0813625,62.1816375,64.1587375,66.84758125,76.11228125,76.97106875,70.22338125,67.842775,57.37540625,60.63396875,56.15489375,58.94843125,64.67351875,64.38445,65.94005,65.0134625,70.8135625,74.29585625,71.96226875,74.91469375,73.537925,77.20863125,75.2341,79.228625,82.8678125,85.3936125,84.9186375,79.10576875
89.52094375,92.6901375,89.4391375,91.954275,95.27038125,96.86549375,93.31256875,94.974875,100.06845625,103.96369375,99.60320625,99.12234375,94.8596875,97.3239375,93.49851875,95.03365625,97.765575,99.901875,95.86194375,97.29849375,100.26091875,105.6068,101.2870375,100.03094375,77.85225625,81.68794375,80.876525,83.7541,86.5037125,89.2884625,86.36328125,88.7531,92.9878875,97.70576875,95.45984375,91.9766
36.51971875,38.46400625,45.6152625,47.03054375,47.25095625,51.22605,50.8733125,49.36125,57.28018125,59.679675,84.0307875,86.0135625,39.95329375,43.51083125,49.33565625,51.1771625,51.06654375,54.14295,53.85573125,52.86346875,59.08620625,60.48688125,84.13491875,83.87036875,55.76796875,61.392825,66.250825,68.7242375,71.2689,73.50871875,73.99126875,73.8794625,78.99591875,81.1102875,99.27033125,97.0873
32.29834375,33.4808,46.0959,49.2302125,50.89380625,52.759825,50.42570625,48.795175,59.35834375,72.790275,113.46391875,97.9582625,36.851575,39.54805625,50.00819375,53.24208125,54.86179375,55.938375,53.6711875,52.367525,60.60115,73.333625,112.18155625,94.0494125,54.98739375,59.9951,67.62429375,71.09555625,75.5639125,76.476175,75.11805,75.11173125,81.1874125,92.87015625,122.3462875,105.266125
62.53335625,60.58599375,67.2172,69.4349625,68.32119375,71.197425,67.400025,65.2087125,77.0081625,79.8819875,83.96663125,80.75860625,64.778025,63.11705,68.55746875,69.4560125,69.07773125,70.90655625,68.41138125,65.93736875,76.01214375,79.21923125,83.75031875,78.6826,63.9295375,66.227725,71.1171625,74.15203125,76.71673125,79.3804875,78.13884375,77.4334375,85.1157375,88.57621875,92.987425,84.536475
114.1575875,118.51961875,121.9713875,127.75619375,132.816625,134.48420625,133.7549,134.86736875,138.71636875,143.9328375,138.53614375,128.6683125,124.60044375,128.7321,131.6013125,136.509125,141.33419375,143.10551875,141.90711875,143.28164375,146.95945,152.53961875,146.69221875,136.98879375,93.92935625,98.13614375,100.586125,105.37433125,109.81453125,111.07870625,109.88009375,111.7771875,117.33006875,123.7912625,121.15346875,111.1361625
42.787675,45.30431875,55.6902375,59.62496875,55.82248125,60.14438125,54.33760625,52.308,67.59750625,71.05810625,76.90365,76.79050625,45.83199375,48.83188125,57.47375625,60.4571875,57.7787125,60.43616875,55.905825,54.90459375,66.608075,71.489075,77.743525,74.5622375,57.303275,61.9388125,67.8111875,71.09054375,73.3441125,75.2504125,73.23994375,74.21348125,82.39040625,88.4021375,93.75629375,87.52609375
49.62609375,49.34076875,56.66865625,57.7731625,55.6125,58.0289375,54.78195625,53.00861875,67.5526125,68.44429375,69.502,63.4009875,51.741575,52.6655125,58.935225,59.81061875,59.942375,60.89211875,58.248875,56.86841875,68.3237,70.44740625,71.9156125,62.43149375,60.4505,64.5814125,69.9318125,72.62255,77.5221375,78.0610625,76.7079875,77.01966875,85.5122625,88.9900125,90.46058125,78.2236375
116.1711375,121.225025,126.10150625,131.73034375,137.6200625,139.11655625,138.247925,140.02001875,143.3963875,148.83494375,143.85644375,133.5567875,126.87639375,131.94528125,135.89693125,140.54046875,146.25335,147.72658125,146.33950625,148.22913125,151.8082875,157.52110625,152.4266,142.0697625,95.250825,99.9852625,103.51878125,108.2782875,113.38148125,114.26153125,112.61168125,115.01530625,120.281875,127.13696875,124.7346625,114.44365
38.36703125,41.0753875,49.10385,51.73514375,50.02185625,52.2214375,50.33004375,49.41409375,60.11955625,64.40465625,74.9538125,65.9463125,42.54285,46.47549375,52.96173125,55.39811875,54.98396875,55.65046875,54.146225,53.6478125,61.3807875,66.22588125,76.34666875,64.99971875,56.9000625,63.11943125,68.0284375,71.07521875,75.0911625,75.17541875,74.4884875,75.54233125,80.42850625,86.65406875,94.46680625,81.77391875
81.5743375,86.1009625,86.469,92.16494375,88.54778125,89.912175,84.051675,82.474575,89.8735875,91.93414375,90.51135,87.0506125,83.15014375,87.4038375,86.34321875,90.7836375,87.311325,88.219975,83.09493125,82.06045625,88.44096875,91.56119375,90.878125,86.290125,72.6626,77.36964375,78.91976875,83.31824375,83.6171,85.98614375,82.88531875,84.2273125,89.95055625,95.5945375,95.01601875,87.69545
47.1179125,49.9449625,54.1099,60.19526875,55.7876,63.10466875,57.32410625,56.86141875,68.3841375,68.8568,70.047775,69.8191375,48.99295,51.69255625,55.83689375,60.7334125,57.5751875,63.596725,59.0562,59.4327625,67.5838125,69.679475,70.9872375,67.95433125,58.852825,62.1237,66.82234375,71.3447875,73.1690625,77.7921375,75.62595,77.36505,82.60604375,87.7957625,89.1948625,81.35379375
36.75590625,37.3160125,45.56281875,47.72038125,45.74013125,49.35075625,47.94719375,49.4844375,59.9418375,64.05776875,64.810275,62.7369625,41.16308125,43.2382875,49.9253375,51.97030625,51.5773125,53.62013125,52.5774625,54.05301875,61.6487375,66.29339375,66.99873125,61.950675,56.04318125,60.45950625,65.9503625,69.0387875,72.52413125,73.79508125,73.745325,76.05083125,80.96515625,87.32760625,87.74524375,78.95808125
42.96170625,42.090275,47.22439375,48.72250625,46.8102375,50.011475,48.688,50.97035625,60.59165625,64.7878,68.03381875,64.64405,45.96350625,46.75113125,51.2934875,52.809925,52.57451875,54.08636875,53.15395,55.4207625,62.24801875,67.01765,69.615,63.35196875,58.25236875,61.63258125,66.3466625,69.69738125,73.750675,74.35183125,74.2199375,77.1367,81.61833125,87.44041875,89.15321875,79.50033125
47.00475,45.83713125,48.4945625,50.859275,48.67875625,51.22016875,49.968025,52.1202,61.0056375,65.9457625,69.43866875,64.33054375,49.50131875,50.1104125,52.30688125,54.8997,54.150075,55.30070625,54.72890625,56.2892875,62.8379625,68.2319625,70.669175,62.82106875,59.1955125,62.7370625,66.333175,70.4987125,74.1891625,74.8794,74.72261875,77.2038875,81.639725,87.91060625,88.9586375,78.082025
75.2066625,77.3851625,79.87048125,87.24094375,84.7340125,85.92605,79.80914375,78.2979875,87.33903125,92.76629375,91.86340625,88.13633125,75.69634375,78.0426125,79.30108125,85.589425,82.6614125,83.33320625,78.420775,77.71596875,85.2689375,91.75954375,91.8143,86.7938625,68.41465625,72.238275,75.55715,80.83489375,81.342,82.8455875,80.60255625,82.48235625,87.47385,94.62295,95.26379375,87.86478125
55.61978125,56.2241625,62.1069875,65.77380625,65.3311875,67.29244375,62.970725,62.70498125,72.8575625,74.9704125,77.49045625,71.48158125,57.44356875,58.31448125,62.95564375,65.82445,65.74005625,66.90639375,63.05120625,63.77666875,71.24469375,74.18925,77.02565,69.00626875,62.1836625,65.45250625,70.01510625,73.9711125,76.32436875,78.45125625,76.16256875,78.90311875,83.6056375,88.0248375,89.9293125,79.51624375
50.4948125,51.57373125,54.4378125,55.361325,50.21775,55.10598125,52.31119375,54.30531875,63.163975,68.8135125,74.22019375,77.46614375,52.2909,53.46416875,56.023925,57.7444,54.5953875,57.637275,55.28548125,57.5788,63.6442125,68.8388375,73.46441875,74.29393125,59.192775,61.9206625,65.94996875,70.051675,72.35694375,74.385225,73.4953,76.133,79.95665,84.5989375,85.93505,81.26483125
43.27661875,46.7265625,54.57805625,55.2499125,50.03346875,54.15785,52.129375,54.29139375,64.770725,72.75744375,77.70881875,75.09013125,46.4526,50.17733125,56.5423875,57.50910625,54.59461875,56.8831375,55.5039625,57.5458375,64.76005,72.16065625,76.4030125,71.8032625,58.20176875,62.74024375,67.7873875,70.70325625,73.518025,74.9041,74.32646875,76.9451875,81.29820625,88.00069375,88.33669375,79.94849375
52.98876875,52.849075,59.11550625,58.5279,53.19651875,55.78790625,54.95959375,57.77044375,65.382375,71.55884375,77.2563125,76.17758125,54.02253125,54.48638125,60.24159375,60.1213875,57.1802,58.437525,57.70571875,60.35563125,65.4730625,71.502525,76.33456875,72.76134375,61.72445,64.7293375,70.0767625,72.707875,75.170475,76.0794125,76.108625,79.29155,82.46325625,88.4417,90.03085625,82.9562
61.839875,60.28595625,62.7988875,65.29846875,60.42734375,63.4717875,58.37121875,58.94010625,66.555375,71.4594875,73.35079375,68.03835,60.90329375,60.3166125,62.80491875,64.36736875,61.144325,63.06744375,59.2114,60.99775625,65.9045375,71.52148125,72.87011875,65.21954375,63.183975,65.5730125,70.46965625,73.004125,75.4336,76.75930625,75.13510625,78.89671875,81.635875,87.908725,87.775275,78.4380625
53.884175,54.07786875,65.4260625,70.1917,67.26704375,70.1406,65.11565,64.82305,73.90534375,82.54148125,82.17515625,76.41366875,54.7296375,55.4984625,65.1041875,68.72844375,66.2771375,68.3039875,64.138825,65.29364375,71.61710625,81.43681875,81.4127,73.62650625,61.30035625,64.100125,71.528475,74.8349875,76.69304375,78.9388875,76.526725,80.06585,83.6793375,93.8905875,93.108875,82.8571125
110.64749375,114.433075,118.1326375,123.2474875,125.97728125,127.67949375,124.71688125,128.52039375,130.02994375,137.4446125,133.456825,124.3338875,120.0481875,123.65443125,126.36975,130.5685,133.305575,134.59983125,131.534625,135.36528125,137.18360625,144.966,140.4985625,131.41661875,90.650025,94.59965,97.38534375,101.8419125,104.80535,105.99773125,103.26179375,108.03001875,110.7690625,119.08236875,117.550275,108.07484375
52.6551125,57.2038375,62.53873125,70.30955,65.2912625,69.00626875,63.223825,66.2269125,75.1705875,79.3189375,76.67260625,71.01741875,54.2199,58.08978125,63.16325,70.1147125,65.6973,68.57300625,63.77085625,67.3332375,73.4929375,79.11796875,77.0299,69.30571875,60.26068125,63.96035625,69.596525,76.11505625,76.159925,78.8068625,75.796775,80.37406875,83.7214375,91.90071875,90.0679375,79.99025625
59.69910625,66.1933375,66.41813125,70.9568125,64.5243125,68.68874375,62.6230125,65.32941875,73.0729,74.3502625,73.8770125,70.9669625,60.132775,66.43211875,66.16735,70.2272625,65.0144875,68.20881875,62.6361625,65.81576875,71.0594,74.18856875,73.43984375,68.8153875,63.78456875,69.268675,71.8883625,76.767875,76.3990375,79.600575,76.1901125,80.352925,83.32326875,88.9499,87.6145625,78.96719375
76.30793125,78.815975,74.4730375,74.23238125,64.79268125,66.46305,60.31563125,64.13331875,72.06041875,77.38374375,83.2298875,81.58101875,76.32755625,78.274025,73.4388375,73.13124375,66.34116875,67.647325,62.6136,66.55179375,72.10558125,77.1829875,82.225025,79.2680875,69.8939125,74.17811875,74.30949375,77.3868375,77.79360625,79.68874375,77.1261875,81.47225,84.904925,89.63425,91.82040625,84.64705
92.33968125,95.00575625,94.638675,100.868175,101.951975,99.3085875,93.18213125,92.38095625,94.01228125,97.7538,96.025375,84.3448875,94.75903125,96.10455,94.5358125,99.7371125,100.38669375,97.00739375,91.406925,91.68958125,91.585525,96.665275,95.96166875,83.1356375,78.84878125,82.2646,83.627925,89.11783125,90.8932,90.6031125,86.8648625,89.73921875,90.922025,97.2675125,97.80385625,85.276425
119.5384375,124.255575,128.29550625,134.9319375,139.96763125,141.31165,140.7942375,143.08738125,142.88139375,148.34935625,144.38586875,133.868775,130.02024375,134.483875,137.5664125,143.34475,147.89146875,149.38205,148.595175,151.2119,151.2316625,157.43325,153.248025,142.53726875,96.66195,101.3608125,104.4938125,109.84366875,113.81473125,114.83894375,113.7475,117.5768625,118.6074125,126.11985,125.21755,114.85730625
103.18443125,105.72356875,107.93726875,115.14695,117.5145875,115.127025,112.85045,111.69990625,112.21850625,117.8989125,114.35484375,104.0748125,108.1706125,109.492125,110.30104375,116.11768125,118.08901875,114.74055,112.95323125,111.8906625,111.64475,118.29565625,115.3550375,104.06214375,84.785875,88.47058125,90.57583125,96.2338625,99.13705,98.1825875,96.5772,98.27935,100.12325,107.35635625,106.2260625,95.24156875
51.19155,53.8319375,53.85620625,56.018275,53.36935625,55.94464375,52.39558125,53.22108125,65.1656875,68.5671875,69.99534375,65.10931875,52.7046875,55.85720625,56.23359375,58.4683875,57.4846,58.75254375,55.770925,57.24225625,66.29035,70.2779625,71.572125,63.9110625,60.49753125,64.7869,67.98035625,72.00700625,75.42394375,76.33153125,74.93710625,77.5006625,83.650725,89.48525625,90.27495625,80.21290625
113.58354375,117.27723125,118.73704375,126.39969375,129.26103125,131.63130625,130.88133125,132.5694375,134.77638125,139.80348125,136.88745625,127.97374375,123.34695,126.872825,127.56035625,134.28699375,136.81395625,139.351325,138.39693125,140.35486875,142.62198125,148.27528125,144.715575,136.14743125,92.6884375,96.91236875,98.2219125,104.269175,106.6496875,108.57801875,107.63133125,110.4230375,114.1665625,120.17219375,119.92241875,111.106525
66.68098125,74.726975,74.99210625,83.039375,75.30964375,74.87943125,70.74718125,68.07546875,78.53780625,81.838325,79.66411875,71.29645,66.14079375,73.73135,73.54895,80.92038125,73.822775,73.4958125,70.179075,68.83704375,76.439425,81.14406875,79.86636875,69.87813125,65.32355,72.1591375,74.3192875,81.02676875,79.3597625,80.5610625,78.476425,80.56253125,85.1789625,91.75629375,91.37974375,80.1973125
102.917775,106.83494375,106.70323125,110.7161,108.7876375,109.71968125,107.76340625,109.10821875,113.14193125,119.82755,120.2647375,113.8900625,111.4944625,115.11005625,114.2958875,117.0701375,114.423725,115.9196375,114.09914375,115.2922125,119.4364125,125.77284375,125.6673375,119.6440375,85.588375,89.94075625,90.859175,94.59224375,94.53253125,96.2431625,94.26671875,96.9648375,101.52268125,107.47095625,109.82083125,101.939875
120.89691875,126.964275,131.07851875,136.5449125,140.97279375,142.7381375,142.08429375,144.2265625,145.11163125,149.03139375,147.1168375,136.08085,131.35795625,137.14648125,140.2504375,144.899525,148.85980625,150.76205,149.76409375,152.2455,153.2581,157.87878125,155.84854375,144.84346875,97.10315625,102.92908125,105.6135,110.3758625,113.9171125,115.0219625,113.92456875,117.4508625,120.0923625,125.3437375,126.914575,116.1155625
122.68719375,128.7116875,133.3742,138.78726875,143.62936875,145.1577,144.83869375,146.77821875,147.494175,151.70653125,149.3097,137.82688125,133.18395,139.068275,142.5484375,147.0806125,151.37731875,153.06574375,152.4601125,154.812025,155.59285,160.6925125,158.20734375,146.64761875,98.1703,103.71094375,106.9766125,111.76340625,115.3511125,116.2629125,115.5381125,118.83176875,121.18011875,127.194575,128.29861875,117.03095625
91.440225,93.54341875,94.5415375,100.37525625,99.95655,93.85310625,87.4136,80.828625,88.95480625,89.57771875,86.5677875,76.36076875,91.59765625,93.29250625,93.02295625,97.9692375,97.429625,91.23285,85.9257125,81.27280625,86.6406,89.0399625,86.9525,75.24534375,77.2007125,81.7717875,83.42146875,89.0688875,90.20073125,89.03304375,85.59635,86.02224375,90.45246875,95.5798875,95.22298125,82.9293375
114.03064375,117.13415,121.32765625,127.0949375,129.67123125,127.19245625,125.25879375,124.8680875,127.27118125,129.7640125,125.8553125,116.21935625,122.63645625,125.1633625,127.8570375,132.42221875,134.32460625,131.37916875,129.5423625,129.154875,130.80504375,133.817925,130.08539375,120.00660625,91.7718375,95.727025,98.62058125,103.52313125,106.0079625,105.1682125,103.30349375,105.95718125,109.7573875,113.65920625,113.4512375,102.17069375
104.9483875,106.86739375,108.26649375,112.31956875,113.73211875,109.315275,107.12615625,103.0758625,110.89069375,114.43473125,113.034325,104.949475,110.97958125,111.87820625,111.83439375,114.61905625,115.7009,111.336425,109.28528125,106.1403,113.004525,116.563975,115.80393125,107.4062125,87.30824375,90.508725,92.07119375,96.184325,98.46460625,96.65000625,94.29769375,95.97273125,102.688875,106.4161375,107.138325,96.84930625
122.3906125,128.18040625,132.62493125,138.3086,143.17885625,144.61614375,143.83185625,146.4851125,147.645075,151.30586875,148.10015625,136.0481375,132.97846875,138.54835625,141.98659375,146.8171375,151.100825,152.4823125,151.5724,154.4875875,155.70868125,160.217375,156.84256875,144.75635,98.134575,103.6765125,106.92871875,111.8283375,115.55655,116.578575,115.14410625,119.4166,121.97604375,127.87129375,127.7804,116.0223
95.273575,97.3681625,98.4796875,105.25831875,103.60275625,96.51655,90.6116875,84.66395,92.06889375,93.19163125,90.47509375,79.51575625,96.24741875,97.9646875,97.32733125,102.79370625,101.117325,93.79301875,88.5039875,84.8718125,89.86660625,92.78413125,90.96698125,78.50703125,79.35275625,83.89526875,84.9447625,90.98483125,91.63363125,89.986025,86.43980625,88.3795625,91.60244375,96.7059,96.5621,84.1957375
116.49220625,121.2404875,123.76015625,130.3568,133.35256875,134.17528125,134.16054375,135.5140125,137.61618125,141.81933125,139.2189875,128.363875,126.37805,131.181975,132.83781875,138.42284375,141.0998375,142.10359375,141.82475,143.4512125,145.65401875,150.2220125,146.96249375,136.56955,94.88536875,99.6807875,101.3605125,107.0353125,109.7077,110.46879375,109.8854625,112.80256875,116.54621875,121.9609625,122.37201875,111.54138125
122.259175,127.31064375,131.686675,137.6676625,142.08765625,143.2192875,142.70179375,144.41301875,145.10163125,149.52025,145.7248125,132.9778625,132.4597,137.51795625,140.68215,145.82050625,149.8828,150.9009375,149.98136875,152.21635,153.0941,158.15556875,154.2628125,141.54716875,98.054375,102.939825,106.082725,111.1314,114.67680625,115.23405,113.9599375,117.3500375,119.2319625,125.90618125,125.42155625,112.47069375
80.87883125,85.8567,85.1193125,87.2080625,82.744875,81.79291875,77.48396875,76.7228625,84.82469375,87.52811875,86.32824375,81.94366875,84.75633125,88.90228125,87.07965625,87.63280625,83.01898125,82.09336875,78.094175,77.877425,84.47141875,87.4914625,87.0572875,81.63213125,72.43133125,77.48115,78.66881875,81.89368125,81.47116875,82.30268125,79.7576125,82.0608,87.04119375,90.5154,90.81179375,82.08284375
121.57458125,127.0396125,131.38854375,137.22240625,141.4153,142.80556875,141.64115625,144.30473125,144.9212375,149.32636875,147.310075,135.186375,131.9240875,137.3783625,140.67193125,145.62070625,149.479525,151.0611375,149.4240375,152.656225,153.4512125,158.3521,156.0052,143.84594375,97.57075625,102.8576625,105.9793,111.1082875,114.01959375,114.913175,113.19864375,117.44435,119.4714625,125.62919375,126.9696875,115.17244375
112.98926875,119.73426875,123.38508125,128.61010625,128.12079375,129.85691875,124.39955,129.937,129.727575,129.8798375,131.73380625,121.5096,119.61450625,127.7645875,129.3014875,133.481275,131.3942125,132.0568625,126.5793625,132.93833125,130.55583125,131.9619875,134.9028125,124.9093,90.96450625,97.73731875,99.99188125,104.59264375,105.5299625,105.48743125,102.00776875,107.11263125,109.2357,114.3207,116.43793125,105.54231875
116.34525625,123.48505625,127.7414125,132.2251375,132.18334375,134.53011875,130.4636125,135.41646875,133.72381875,133.7302375,135.53956875,125.03489375,123.28894375,131.287875,133.76708125,136.75194375,135.4803125,136.4579,132.5652875,138.3795375,134.692,135.8279875,138.9616375,128.805525,93.00335,99.47013125,102.25661875,106.05179375,107.40345,108.04385,105.15080625,110.1018625,110.91958125,115.19543125,118.12405,106.9759375
120.6401625,127.38255,131.6243125,136.429925,138.4074875,140.4346875,138.9351375,141.9699375,141.41315,142.535975,142.3474875,131.53821875,129.716125,136.3461875,139.24814375,142.7834375,143.8803875,145.6044125,143.85344375,147.57495,146.2219125,148.17519375,148.264975,138.023,96.2203375,102.07485,105.170125,109.4736625,111.21191875,112.42976875,110.62878125,114.8201625,116.0157875,119.9967875,122.4887125,111.33645
124.195725,130.58130625,135.1297,140.50720625,145.0244625,147.06778125,146.38008125,148.82270625,150.1533375,152.9881,151.03143125,138.5128875,134.27046875,140.24755625,143.81521875,148.43735625,152.64465625,154.18183125,153.0550875,156.08878125,157.7804,161.306525,159.286025,146.70716875,98.7335,104.382325,107.7490625,112.5335875,115.88350625,117.15006875,115.8845625,119.82095,122.15090625,127.40669375,129.03055625,116.874125
123.94906875,132.034375,136.18943125,141.1963875,145.70241875,148.454375,146.57253125,147.5255875,148.52275,147.728125,149.90635,139.5446,134.06080625,141.90790625,145.1830875,148.97058125,152.92765,155.68564375,153.754775,154.99971875,156.2111125,156.19023125,158.52124375,148.09159375,98.29341875,105.8118625,108.48215625,112.60084375,116.36451875,118.26970625,115.9458125,117.799475,120.04931875,121.24894375,126.90314375,117.97729375
124.36824375,132.39673125,136.58443125,141.77394375,146.20359375,148.96644375,146.9287625,147.923575,148.56993125,147.6843625,149.56144375,139.8822375,134.3112625,142.13381875,145.29501875,149.12738125,153.09168125,155.84574375,153.86688125,154.98613125,156.0164875,155.94865625,158.08535,148.2597875,98.67931875,106.1968125,108.82638125,113.13209375,116.89386875,118.78690625,116.22786875,118.0208,120.013375,120.92281875,126.4629375,118.26360625
122.5661,130.22999375,134.74699375,140.14235625,144.49408125,147.7702875,146.37330625,147.50123125,148.19489375,147.2010625,148.9658375,138.96928125,131.87886875,139.231,143.06161875,146.96248125,150.7332875,154.2398375,153.17266875,154.52701875,155.6368125,155.30833125,157.35170625,147.27545625,97.031475,104.2786,107.147675,111.55025,115.2712,117.55745,115.67805,117.63855625,119.7675125,120.52165,125.97301875,117.31485
123.030775,130.95139375,135.53771875,140.607075,144.98031875,148.10710625,146.41993125,147.7789,148.8042375,148.24311875,150.25333125,139.78071875,131.95429375,139.2779375,143.436225,146.91659375,150.85255625,154.0276125,152.77558125,154.66083125,155.687225,155.57344375,157.6701375,147.33989375,97.4530125,104.732875,107.82604375,111.86154375,115.64964375,117.875325,115.70999375,117.9036875,120.5193625,121.96203125,127.7022125,118.1525375
124.8042875,132.624925,136.7713,141.69101875,146.453125,149.339575,146.993225,148.1896625,149.78933125,149.49465625,150.44611875,139.72361875,134.0845625,141.9274625,145.58348125,149.37981875,153.51345625,156.39850625,154.13616875,155.5728,157.643125,157.7377375,158.7879,147.950325,98.89954375,106.2942,108.85661875,113.00614375,117.06784375,119.00824375,116.18269375,118.1879,121.3886125,123.03238125,127.2867875,117.84834375
125.0414,132.9057125,137.299875,141.91625625,146.33655,149.53495,147.78175,148.85574375,150.432425,149.7159375,150.9444875,140.73768125,134.44185,142.36005625,146.2234625,149.895225,153.85133125,156.86321875,154.97749375,156.4006125,158.30013125,158.11984375,159.4249625,148.97503125,99.04913125,106.4662875,109.3026625,113.2698625,116.8336375,119.17140625,116.8915,119.05931875,122.10381875,123.0920625,127.76543125,118.8882125
125.27978125,133.17304375,137.64245625,142.33481875,146.76480625,149.96803125,148.480725,149.5732125,150.36713125,150.00889375,151.1509,140.484375,134.619025,142.6423875,146.50401875,150.10115625,154.14295,157.122925,155.47645625,156.92095,158.17944375,158.3154375,159.50845,148.70725,99.31544375,106.71698125,109.589,113.53463125,117.2343875,119.42533125,117.410925,119.70120625,121.8743,123.40375625,128.00459375,118.44761875
121.3528375,129.9345125,134.7337875,139.8240625,144.0244375,146.5818125,146.7565125,147.9933875,148.6669125,146.9956,146.99255625,137.6028875,128.607725,137.0260125,141.47136875,146.07060625,149.08706875,151.6504125,153.22860625,154.57605,155.03071875,153.9955125,153.7585,144.99475,95.642075,103.42206875,106.68829375,111.12026875,114.47929375,116.3607875,115.7589,118.861525,120.77709375,120.8344,124.222125,115.913225
126.7494125,135.70699375,142.42995,148.1644625,151.90539375,154.7091375,151.09733125,148.06895,151.6242375,147.45965,148.6705875,141.857825,136.23301875,145.24820625,151.4407375,156.24455625,159.536725,161.79073125,158.1543125,155.28688125,159.27314375,155.2642375,156.9259125,149.6737125,100.5946875,108.96609375,114.70430625,118.79790625,122.71174375,124.30828125,119.98439375,117.2995625,123.7704,120.1706625,124.26156875,120.1251
126.4441875,135.50334375,142.0918125,147.42196875,151.3459,154.3824375,150.9819,147.84953125,151.28969375,146.78321875,146.9751625,140.3407375,135.9334875,145.07061875,151.15088125,155.51181875,159.0673375,161.55560625,157.9731125,155.23308125,158.97331875,154.7793125,155.46516875,148.43566875,100.25390625,108.70381875,114.31914375,118.01711875,122.05489375,123.8644875,119.78623125,117.08890625,123.23693125,119.24256875,122.30971875,118.43915625
126.447225,135.55903125,141.95918125,147.4444125,151.28540625,154.53399375,151.08816875,148.351625,151.47373125,148.1064,148.40588125,142.33280625,135.964125,145.11816875,150.98853125,155.57906875,159.013925,161.7133875,158.149425,155.81615625,159.225475,155.99065,156.8364375,150.306175,100.14935625,108.7379375,114.05546875,118.046875,121.9413625,123.83361875,119.87385625,117.61119375,123.48170625,120.56651875,123.87779375,120.55064375
126.4617125,135.4558875,141.60345625,147.2919,151.28268125,154.58265625,151.24476875,148.421125,151.303,148.262175,148.6761625,142.77759375,135.95366875,145.00980625,150.59843125,155.3784375,158.985625,161.77205,158.2830875,155.808475,159.06091875,156.14715,157.09905625,150.6818375,100.1833,108.5977625,113.68705,117.9000625,121.86200625,123.87244375,120.05178125,117.57428125,123.25379375,120.85571875,124.08799375,120.969425
126.40221875,135.39729375,141.2195,146.9667625,151.1480125,154.65539375,151.3042,148.54700625,151.456675,148.32478125,148.99655625,142.8417125,135.86349375,144.94343125,150.19860625,155.01370625,158.71536875,161.7715125,158.2879125,155.88236875,159.2088,156.19983125,157.40513125,150.764225,100.135375,108.5649125,113.33849375,117.63063125,121.5996,123.88391875,120.0399375,117.5737875,123.37455625,120.89558125,124.3747375,120.99985
119.8274875,126.37981875,131.81655,137.3505375,143.4390125,145.533925,140.6382,137.68071875,140.58165625,135.34108125,133.13684375,130.54706875,128.6999875,134.053975,139.45808125,143.3762375,149.4806125,150.8991875,145.0457125,142.716275,145.91055625,140.23944375,137.820375,135.838125,94.53281875,101.11321875,106.070225,110.086175,115.29073125,116.53583125,111.62934375,109.12966875,114.81690625,111.31393125,113.0759375,111.27294375
121.17333125,128.6414625,133.2331375,137.8369125,144.27133125,145.22638125,141.5813625,138.3459125,140.19985625,135.41455,131.861725,130.33525,129.868875,136.23035625,140.8645625,143.435725,149.25431875,149.7861875,144.891425,142.52856875,143.9991,139.29695625,135.086425,134.4565375,95.71939375,102.9422375,107.526275,110.8496375,115.93733125,117.1107375,112.4769875,109.85479375,115.00185,111.5997625,112.74406875,111.64773125
116.54854375,123.286975,128.416275,133.967575,139.72884375,141.45675625,138.0584125,135.8801375,137.28193125,133.18325625,129.886375,127.15451875,121.84190625,125.61188125,131.2463,134.22368125,139.39639375,141.3017375,135.91129375,136.90674375,137.8416,133.499025,130.500025,128.64085625,90.9778375,97.797225,102.5414375,106.33653125,111.26145,113.3202375,108.39665625,107.0245625,111.83629375,108.67165625,110.472625,108.49964375
119.87390625,126.17695625,131.949175,136.2899875,142.5124125,144.7332875,140.5880125,139.29676875,139.6480875,135.88725625,132.557625,130.3592375,125.95119375,129.10075625,135.4935125,137.50958125,143.45849375,145.94559375,139.7983125,141.2304875,141.7428,136.72439375,133.3445875,132.16695625,94.57910625,100.650675,105.84193125,108.8187,114.1238625,116.2527625,111.21206875,109.81966875,113.88710625,110.72918125,112.52509375,111.5757875
126.0092875,134.78343125,139.6167125,145.04754375,150.4320125,154.1917,150.8164375,147.81838125,150.00525,146.736275,146.48043125,142.9905375,134.2323375,143.1130625,147.45761875,151.933575,156.56158125,160.23319375,156.4467,153.72046875,156.7201375,153.94759375,154.01383125,149.96915,99.40341875,107.47609375,111.89775625,116.134525,121.03944375,123.253375,119.52954375,116.8711,121.67735,119.4409625,121.79303125,121.19996875
126.7139375,135.5264,140.8813625,145.9882375,151.11775,154.994,151.2209125,147.8498,149.77769375,145.78588125,145.0979875,141.71913125,135.1753375,144.05494375,149.01284375,153.0608125,157.47674375,161.35218125,157.26410625,154.18891875,157.03605,153.3902125,153.172975,149.17054375,99.61973125,107.93848125,112.71744375,116.81009375,121.17479375,123.77265,119.75155625,116.7017625,121.09925625,118.02645,120.0187875,119.4715625
122.1854125,129.70163125,136.30965,141.56086875,145.7894875,150.418525,146.8985125,145.03813125,147.30509375,143.48770625,142.07918125,138.64001875,128.39734375,134.52134375,141.13559375,144.97006875,148.3947125,153.38783125,149.72683125,149.60265,152.51020625,148.0520875,147.60311875,143.59825,95.631275,102.63315625,108.36693125,112.37026875,116.32958125,119.37735625,115.54355,114.14951875,119.1404,115.91181875,117.3723125,117.17825
123.76895625,131.47734375,138.6198625,144.08414375,148.53161875,152.31024375,148.8784625,147.15975,149.4228625,145.6557625,145.03908125,141.14788125,130.73360625,137.2458625,144.26189375,148.46685625,152.45611875,156.6156625,152.99623125,152.45905,155.6086,150.96860625,151.12700625,146.81461875,97.38564375,104.64665,110.638575,114.86525,119.02093125,121.55234375,117.69155625,116.16374375,121.2372625,118.44661875,120.35768125,119.6672125
126.76161875,135.56475625,141.7314625,147.06411875,151.28994375,155.0465625,151.7119125,149.07206875,151.53641875,148.44444375,148.32789375,144.2290125,135.1663,144.05809375,149.83045,154.02805,157.7037625,161.22633125,157.70236875,155.2289875,158.5450875,155.655425,156.105825,151.46361875,99.77101875,108.13809375,113.4475625,117.5589375,121.7598125,123.84213125,120.14581875,118.00188125,123.19579375,120.9177375,123.30405625,122.3596375
126.9163375,135.7622375,141.87450625,147.239125,151.21001875,154.79003125,151.70171875,149.05926875,151.5776875,148.57655,148.62141875,144.156825,135.48745,144.345225,150.17385625,154.44866875,157.82640625,161.08554375,157.83859375,155.452325,158.7755125,155.9830125,156.44304375,151.52328125,99.74671875,108.207575,113.390425,117.6474375,121.47736875,123.50060625,119.9648625,117.87974375,123.09996875,120.97105625,123.573225,122.1277375
